alignment_id,min_aa_id,reference
lowH1,0.3967391304347826,Perth
lowH1,0.5923913043478259,WSN
intermediateH1,0.3840579710144927,Perth
intermediateH1,0.48007246376811596,WSN
lowH3,0.6376811594202898,Perth
lowH3,0.42028985507246375,WSN
intermediateH3,0.46376811594202894,Perth
intermediateH3,0.42028985507246375,WSN
high,0.3840579710144927,Perth
high,0.42028985507246375,WSN
