alignment_id,min_aa_id,reference
lowH1,0.3967391304347826,Perth
lowH1,0.5923913043478259,WSN
intermediateH1,0.3804347826086957,Perth
intermediateH1,0.4782608695652174,WSN
lowH3,0.6340579710144928,Perth
lowH3,0.42028985507246375,WSN
intermediateH3,0.46376811594202894,Perth
intermediateH3,0.42028985507246375,WSN
high,0.3804347826086957,Perth
high,0.42028985507246375,WSN
