,HA,min_aa_id
0,1,0.7862318840579711
1,2,0.9021739130434783
2,3,0.7989130434782609
3,4,0.947463768115942
4,5,0.855072463768116
5,6,0.8043478260869565
6,7,0.8405797101449275
7,8,0.9438405797101449
8,9,0.8659420289855072
9,10,0.9166666666666666
10,11,0.8985507246376812
11,13,0.8586956521739131
12,14,0.9492753623188406
13,16,0.8931159420289855
