HA,min_aa_id
1,0.7246376811594203
2,0.8677536231884058
3,0.769927536231884
4,0.677536231884058
5,0.7880434782608695
6,0.6902173913043478
7,0.7771739130434783
8,0.9347826086956522
9,0.7934782608695652
10,0.8804347826086957
11,0.8731884057971014
12,0.9166666666666666
13,0.8442028985507246
14,0.9492753623188406
16,0.8768115942028986
