site,A,C,D,E,F,G,H,I,K,L,M,N,P,Q,R,S,T,V,W,Y
1,0.0030358812005487,0.004719424442600213,0.0009019908808763218,0.0033462672954943278,0.02532652279960974,0.0030707381074987178,0.055553311032644395,0.04642598709256432,0.06839686035508999,0.019192076734422144,0.004286830773663082,0.00892836052254034,0.0006199802290890535,0.002111825302464645,0.5994512500597788,0.0040310530857215286,0.025030755845655228,0.02020205769291213,0.006817530189583178,0.09855129635724313
2,0.0070574749837260045,0.002607522754742848,0.010361317492537096,0.7999615747586941,0.0029598075856500042,0.007276668051217256,0.005138010734528218,0.004722852039789164,0.08891278410828021,0.0039024507583532275,0.005072510046278757,0.012287007887426961,0.0006346397742785025,0.005968720200206085,0.011848196117005192,0.013870194455838461,0.0037945708740539223,0.0031452496072277417,0.0035534297431150134,0.00692501802705113
3,0.009494276564956808,0.0034796691381669895,0.006483896562309159,0.011239431565541289,0.004309883619719044,0.004449255003822215,0.06585728740068081,0.011042632160692789,0.03147216383831707,0.012344908694635106,0.005490060939702169,0.013590287861489237,0.0007967612244600853,0.5586728187494812,0.1581511433345879,0.03811599080431371,0.03271174859232204,0.00761197876266345,0.004663105176786386,0.02002270000535248
4,0.0026518828650221437,0.0010604146044589514,0.004060253278392458,0.0037236246550377415,0.003948164752299515,0.0006105302185530519,0.002383243256464401,0.16290628269975352,0.007766961739402112,0.7343973284147027,0.0053315470238831176,0.0024247862788330174,0.0009796245076055309,0.004063301633192684,0.002098110879704057,0.03602452734890771,0.0032141354053600007,0.018864006494174412,0.0018069825976604452,0.0016842913465925252
5,0.03710719889965774,0.02044462530426986,0.004153990390391237,0.032534325433667494,0.02142960821274703,0.2256801543753919,0.014940932169668384,0.05004989935345568,0.028792370271673858,0.025216971851187167,0.014648974666174413,0.07613694580457017,0.0010032822713483792,0.035013393892595654,0.03841855757706408,0.2063030573723199,0.12637077168776167,0.02146367294574664,0.001802597526959976,0.018488669993348923
