site,A,C,D,E,F,G,H,I,K,L,M,N,P,Q,R,S,T,V,W,Y
1,0.002976363985311716,0.0046008325944710375,0.0008609055275484738,0.0031961193035367876,0.02498260471757735,0.0029534306916231636,0.05625577100604004,0.04531334051622895,0.06662079485647426,0.018766273185005768,0.004137023229265768,0.00862949227853884,0.0006101827464740461,0.002047145885873897,0.6049755054353477,0.0038987789077273836,0.02480654578575108,0.019699332669576252,0.006672933411563264,0.09799662326606406
2,0.004076364964727981,0.0010495499697296372,0.007235258834885492,0.8499502824862082,0.0023472751529661925,0.00733317269208568,0.003145284215484318,0.014540060306825284,0.04164244629404519,0.0014435141906726796,0.005876994039815782,0.008127872628925713,0.003239970607199813,0.004797388879299674,0.0033938711247925063,0.0051700558471276924,0.027753832807208098,0.0025848578583473796,0.004640692921036133,0.001651254178616549
3,0.009332412290848437,0.003353791159765584,0.006254928379322926,0.010770550297669393,0.00414389579577514,0.0042585786603693415,0.0662384166529083,0.010539685623810316,0.030169424030376236,0.011918462223950533,0.005266265996545406,0.013078050704943155,0.0007794691040167897,0.5668300692332678,0.15623648014191543,0.03735973056902996,0.03222962503336051,0.007290870036856189,0.00450920245797982,0.01944009160728872
4,0.0025836244159947713,0.0010138727505505803,0.0039127273275716724,0.003542588282251985,0.0038060937782174436,0.0005752237727593962,0.002329261520893594,0.16015030809023761,0.007370783083200794,0.7402284095985009,0.005130567254436917,0.002302739955180822,0.0009636283273975394,0.003944268648519623,0.001994618247003867,0.03541336077038923,0.0031071518003919253,0.018291288383259906,0.0017373972781633542,0.0016020867150779764
5,0.0374462219667441,0.020310022230682415,0.004042594245297315,0.0319146230263736,0.021202560707591384,0.22733923589484165,0.015008036457335,0.04911333091568317,0.027939930891601957,0.024837781731848262,0.014372904738554204,0.07548187464821193,0.0009966567992787533,0.03503938114813502,0.03792966053900087,0.2082524041114669,0.12781062685182223,0.021039229483881552,0.001749870385636426,0.018173053226013154
