model,omega,type
M5,0.0045592580358787,omega
M5,0.03347881201794486,omega
M5,0.10732057156448524,omega
M5,0.37376045556587,omega
M0,0.100413,omega
alpha_omega,0.509335,gamma
beta_omega,3.92461,gamma
