model,omega,type
M5,0.0036645930155554344,omega
M5,0.028301941195252686,omega
M5,0.09340010196024211,omega
M5,0.3332978314749261,omega
M0,0.09076000000000001,omega
alpha_omega,0.492241,gamma
beta_omega,4.29282,gamma
