site,A,C,D,E,F,G,H,I,K,L,M,N,P,Q,R,S,T,V,W,Y
1,0.04588702685882673,0.029991643415727506,0.046277585991921555,0.0742685121642068,0.031732145428227373,0.05655977367586952,0.022656521761102895,0.05333385548149121,0.0845035893899246,0.08022270435390152,0.014755193427431713,0.052655183343001774,0.022465312316869886,0.036360283838202376,0.067339226923369,0.08808747329518493,0.05221080055339425,0.059842101307764635,0.016929742958838995,0.06392132351474279
2,0.04588702685882673,0.029991643415727506,0.046277585991921555,0.0742685121642068,0.031732145428227373,0.05655977367586952,0.022656521761102895,0.05333385548149121,0.0845035893899246,0.08022270435390152,0.014755193427431713,0.052655183343001774,0.022465312316869886,0.036360283838202376,0.067339226923369,0.08808747329518493,0.05221080055339425,0.059842101307764635,0.016929742958838995,0.06392132351474279
3,0.04588702685882673,0.029991643415727506,0.046277585991921555,0.0742685121642068,0.031732145428227373,0.05655977367586952,0.022656521761102895,0.05333385548149121,0.0845035893899246,0.08022270435390152,0.014755193427431713,0.052655183343001774,0.022465312316869886,0.036360283838202376,0.067339226923369,0.08808747329518493,0.05221080055339425,0.059842101307764635,0.016929742958838995,0.06392132351474279
4,0.04588702685882673,0.029991643415727506,0.046277585991921555,0.0742685121642068,0.031732145428227373,0.05655977367586952,0.022656521761102895,0.05333385548149121,0.0845035893899246,0.08022270435390152,0.014755193427431713,0.052655183343001774,0.022465312316869886,0.036360283838202376,0.067339226923369,0.08808747329518493,0.05221080055339425,0.059842101307764635,0.016929742958838995,0.06392132351474279
5,0.04588702685882673,0.029991643415727506,0.046277585991921555,0.0742685121642068,0.031732145428227373,0.05655977367586952,0.022656521761102895,0.05333385548149121,0.0845035893899246,0.08022270435390152,0.014755193427431713,0.052655183343001774,0.022465312316869886,0.036360283838202376,0.067339226923369,0.08808747329518493,0.05221080055339425,0.059842101307764635,0.016929742958838995,0.06392132351474279
