site,A,C,D,E,F,G,H,I,K,L,M,N,P,Q,R,S,T,V,W,Y
1,0.03872487349934183,0.02619455471036191,0.039816710061254555,0.06519281435132898,0.028374922084026418,0.04855434590728397,0.01949620945092088,0.04792423611682837,0.07634723352946635,0.07221243064962149,0.013670747004345247,0.04662930557100094,0.01896159284737739,0.03192159174711239,0.059076047870109005,0.07665852823112711,0.04535065696842435,0.05259588480101384,0.015332792015185889,0.05665152482101207
2,0.03872487349934183,0.02619455471036191,0.039816710061254555,0.06519281435132898,0.028374922084026418,0.04855434590728397,0.01949620945092088,0.04792423611682837,0.07634723352946635,0.07221243064962149,0.013670747004345247,0.04662930557100094,0.01896159284737739,0.03192159174711239,0.059076047870109005,0.07665852823112711,0.04535065696842435,0.05259588480101384,0.015332792015185889,0.05665152482101207
3,0.03872487349934183,0.02619455471036191,0.039816710061254555,0.06519281435132898,0.028374922084026418,0.04855434590728397,0.01949620945092088,0.04792423611682837,0.07634723352946635,0.07221243064962149,0.013670747004345247,0.04662930557100094,0.01896159284737739,0.03192159174711239,0.059076047870109005,0.07665852823112711,0.04535065696842435,0.05259588480101384,0.015332792015185889,0.05665152482101207
4,0.03872487349934183,0.02619455471036191,0.039816710061254555,0.06519281435132898,0.028374922084026418,0.04855434590728397,0.01949620945092088,0.04792423611682837,0.07634723352946635,0.07221243064962149,0.013670747004345247,0.04662930557100094,0.01896159284737739,0.03192159174711239,0.059076047870109005,0.07665852823112711,0.04535065696842435,0.05259588480101384,0.015332792015185889,0.05665152482101207
5,0.03872487349934183,0.02619455471036191,0.039816710061254555,0.06519281435132898,0.028374922084026418,0.04855434590728397,0.01949620945092088,0.04792423611682837,0.07634723352946635,0.07221243064962149,0.013670747004345247,0.04662930557100094,0.01896159284737739,0.03192159174711239,0.059076047870109005,0.07665852823112711,0.04535065696842435,0.05259588480101384,0.015332792015185889,0.05665152482101207
